1,Gabrielle,15 avenue de Breteuil
2,Gabrielle,15 avenue de Breteuil
3,Gabrielle,15 avenue de Breteuil
4,Gabrielle,15 avenue de Breteuil
5,Gabrielle,15 avenue de Breteuil
6,Gabrielle,15 avenue de Breteuil
7,Gabrielle,"cb√©ncmllmca,"
8,Gabrielle,15 avenue de Breteuil
9,Gabrielle,15 avenue de Breteuil
10,Gabrielle,15 avenue de Breteuil
11,Gabrielle,15 avenue de Breteuil
12,Gabrielle,15 avenue de Breteuil
13,Gabrielle,15 avenue de Breteuil
14,Gabrielle,15 avenue de Breteuil
15,Gabrielle,15 avenue de Breteuil
16,Gabrielle,15 avenue de Breteuil
17,Gabrielle,15 avenue de Breteuil
18,Gabrielle,15 avenue de Breteuil
19,Gabrielle,15 avenue de Breteuil
20,Gabrielle,15 avenue de Breteuil
21,Gabrielle,15 avenue de Breteuil
22,Gabrielle,15 avenue de Breteuil
23,Gabrielle,15 avenue de Breteuil
